{
  "blue": {
    "mid": 100.0,
    "long": 39.800000000000004,
    "hp_ratio": 0.602,
    "lost_pct": 39.800000000000004
  },
  "red": {
    "mid": 41.0,
    "long": 41.5,
    "hp_ratio": 0.585,
    "lost_pct": 41.5
  }
}