{
  "blue": {
    "mid": 0.0,
    "long": 26.1,
    "hp_ratio": 0.7390000000000001,
    "lost_pct": 26.09999999999999
  },
  "red": {
    "mid": 0.0,
    "long": 29.7,
    "hp_ratio": 0.703,
    "lost_pct": 29.700000000000003
  }
}