{
  "blue": {
    "mid": 11.700000000000001,
    "long": 45.5,
    "hp_ratio": 0.545,
    "lost_pct": 45.49999999999999
  },
  "red": {
    "mid": 0.0,
    "long": 47.199999999999996,
    "hp_ratio": 0.528,
    "lost_pct": 47.199999999999996
  }
}