{
  "blue": {
    "mid": 1.5,
    "long": 44.4,
    "hp_ratio": 0.556,
    "lost_pct": 44.39999999999999
  },
  "red": {
    "mid": 0.0,
    "long": 46.2,
    "hp_ratio": 0.5379999999999999,
    "lost_pct": 46.20000000000001
  }
}