{
  "blue": {
    "mid": 23.200000000000003,
    "long": 44.2,
    "hp_ratio": 0.5579999999999999,
    "lost_pct": 44.2
  },
  "red": {
    "mid": 22.0,
    "long": 47.4,
    "hp_ratio": 0.526,
    "lost_pct": 47.4
  }
}