{
  "blue": {
    "mid": 0.0,
    "long": 34.699999999999996,
    "hp_ratio": 0.6530000000000001,
    "lost_pct": 34.69999999999999
  },
  "red": {
    "mid": 0.7000000000000001,
    "long": 35.699999999999996,
    "hp_ratio": 0.6430000000000001,
    "lost_pct": 35.69999999999999
  }
}