{
  "blue": {
    "mid": 6.5,
    "long": 43.6,
    "hp_ratio": 0.564,
    "lost_pct": 43.60000000000001
  },
  "red": {
    "mid": 8.799999999999999,
    "long": 45.800000000000004,
    "hp_ratio": 0.5419999999999999,
    "lost_pct": 45.800000000000004
  }
}