{
  "blue": {
    "mid": 24.3,
    "long": 41.9,
    "hp_ratio": 0.581,
    "lost_pct": 41.900000000000006
  },
  "red": {
    "mid": 16.8,
    "long": 42.4,
    "hp_ratio": 0.5760000000000001,
    "lost_pct": 42.39999999999999
  }
}