{
  "blue": {
    "mid": 33.1,
    "long": 42.4,
    "hp_ratio": 0.5760000000000001,
    "lost_pct": 42.39999999999999
  },
  "red": {
    "mid": 0.0,
    "long": 42.0,
    "hp_ratio": 0.58,
    "lost_pct": 42.00000000000001
  }
}