{
  "blue": {
    "mid": 100.0,
    "long": 41.6,
    "hp_ratio": 0.584,
    "lost_pct": 41.6
  },
  "red": {
    "mid": 19.8,
    "long": 41.8,
    "hp_ratio": 0.5820000000000001,
    "lost_pct": 41.79999999999999
  }
}