{
  "blue": {
    "mid": 0.0,
    "long": 41.5,
    "hp_ratio": 0.585,
    "lost_pct": 41.5
  },
  "red": {
    "mid": 100.0,
    "long": 42.3,
    "hp_ratio": 0.5770000000000001,
    "lost_pct": 42.29999999999999
  }
}