{
  "blue": {
    "mid": 0.1,
    "long": 42.199999999999996,
    "hp_ratio": 0.5780000000000001,
    "lost_pct": 42.199999999999996
  },
  "red": {
    "mid": 0.0,
    "long": 42.3,
    "hp_ratio": 0.5770000000000001,
    "lost_pct": 42.29999999999999
  }
}